Fresh,Milk,Grocery,Frozen,Detergents_Paper,Delicassen
0.2360265585588009,0.633664958062489,0.2899701252413614,-1.252532217922472,0.43541465688382575,0.21835750376278049
-0.11042918197824947,0.6439052878235914,0.43719500872373857,0.09183078009778607,0.5118683146821763,0.40791660024463205
-0.1726512538945145,0.5741763115570813,0.3000614411318978,0.29050059624000757,0.5359282416811765,1.4025536519681354
0.2632464094073051,-0.7177161339086996,-0.07455473643488315,0.9160708397735583,-0.1747443970783394,0.4124246052801315
0.5791338691773439,0.25874298944077984,0.2592023507300246,0.6017193846543187,0.28538923354315066,1.1253093363367348
0.06013314801158366,0.5325258717451857,0.046913621281790954,-0.5291832443034385,0.28908893511326345,0.27262489232007076
0.21008857951134866,-0.0812491998704659,0.23952188841342356,-0.7380591290073238,0.4943992440257109,-0.38250352514536207
-0.06817798933947768,0.20202195102620324,0.4278441403945987,0.05720587931613989,0.5149772393060925,0.6542810162927734
-0.2101602638815244,0.0037369188267070133,0.165059117017662,-0.8156412581699409,0.2725667596160916,-0.16897642028206383
-0.20590618137197142,0.7234530839622464,0.8622962830250792,-0.17561708201456827,0.810436845790536,0.5194633822788136
-0.5487071636315767,0.25790511859940934,0.6276396989943296,0.6763197862514213,0.7307700760702014,0.3957447829843477
0.2579106260899173,-0.7578688592066094,-0.03134438140163717,-0.04595512063132257,-0.14556764280770132,-0.4441388772930765
0.7793607892267868,0.7912980671476106,0.5660394709761091,-1.0657630011532153,0.5721957372028748,0.7433304182234302
0.5413497415657166,0.3477832463848889,0.7176358024551538,0.45160004994063735,0.7730878938869127,-0.3159923964206991
0.6302259866841557,0.6207349949917684,0.583558262535825,-1.050419535098541,0.669462205133427,0.5414366891544993
0.11074466688658838,-0.7636479613005721,-0.1368082611718318,-0.8590793941692262,0.060929239352303995,-0.5694958357114664
-1.2552909682272195,0.5747638573907529,0.5851080516551095,-1.5498598062090918,0.6271889564505078,0.07499329312315134
-0.21886197583270361,0.34244481362156654,-0.3021798482661894,-0.3818418630834472,-0.29017765785703353,1.0271397772622808
0.46343341579737896,0.36007098257554104,0.4709731269349623,0.23505254658519584,0.4479672065019348,0.7981378735579471
-0.05268028493954709,-0.242067090419612,0.4303602173150121,-0.5263160066148823,0.4133448588619492,-0.4387803536219662
0.4288597414347447,0.14228759978092154,-0.02051689727968085,-0.2290105955635282,0.37349438077367353,0.5277092766890561
-0.25084461183924966,-0.922756386758291,-0.5384312558449743,0.5084299382463928,-0.28526064942146756,-0.3536899692891063
0.7711258247781343,-0.41255828322583016,-0.038854793435567324,1.1617897402041168,0.3928051593045579,1.0052515324864113
0.6701606910328661,1.492925183163687,0.958453154232738,0.7773548297709951,0.6129886001911885,1.901521633033254
0.5799711345629516,0.6416583308421232,0.6658772695469467,0.41333022525842883,0.6250649133504054,1.197828509719409
0.38031911386961703,0.09952110861278689,0.29277591684518467,-1.292381561479189,0.583561086136035,-1.884339638314737
0.08988057000923934,-0.8591797338463483,-0.3177196018963421,0.46305337947122027,-0.44559511056202866,-0.09876154689617204
0.3067375795260905,-0.9753071312841353,-0.2787491465388036,-0.7314518823339782,-0.7680584624812676,-0.41647309698097534
-0.4300547349134094,1.1204072076792793,1.0613564729450413,-0.1761681084043358,0.8645600015564946,1.128016171468064
0.9608435218935331,-0.35357363452363416,-0.37536696238685713,-0.15342466262044302,0.11168345186250012,-0.10684140224832463
0.47020677260776106,-0.003038816635800441,0.5304716019201702,-0.18170466869416999,0.3525959661226817,0.7506011749503825
-0.698832380983378,0.11598467492400535,-0.26093597618672576,0.20023459041791944,0.0015725266194647415,0.013380336593799525
0.552819829047972,-0.6548964973964572,-0.3122799876039292,-1.1141364242296914,0.04298982249412833,-0.5809458903689261
0.7410879105570035,0.1794348124614476,0.2702251738751694,0.8881367919330666,-0.29919763475976663,0.07684958591362659
-1.0263158074900696,-0.39196659365347114,-0.4645919314383524,-0.8156412581699409,-0.19252020672174727,-0.5976502944093347
-1.4881838175663058,0.2683602746771083,0.5295700624359474,-0.3864219189640032,0.6045958558355381,-0.5316611079842495
0.7455723075890675,0.11940577173040451,0.08271038467119837,0.07975816384876251,0.019897457329136593,1.0489146267084064
0.3426246046940712,0.6913393427076101,0.6032115655513116,0.14666820818381926,0.7619139252335004,-0.20187966264027185
-0.364965042686987,0.9494521142489233,0.7858660683470012,-2.430868888505142,0.7864748811265393,-0.5362752150010617
1.1177275243221925,-1.2140348735964015,-1.0392014001384928,1.2009030786911483,-0.493993313291154,0.7398948906719574
0.6149468370291249,0.1149398722200213,0.00019723838840172747,1.1686787431034222,0.12406901907467378,1.2077228535358755
0.48146014526800224,-0.10893685176299088,0.14075901927717083,0.18318757955375323,0.4215633833181999,0.7131925593634584
0.1442543920944408,0.47486667696715706,0.7167585739869765,-1.3348826271843237,0.7834531685429987,-2.02519800283485
-1.5402552837037424,0.7235697590656849,1.0122794161275557,-0.42267096451677444,0.9020612987062626,-1.7302718990016102
0.07608213957761344,0.4279796578585084,0.49359514974957686,-0.661773481492843,0.636041807212948,-1.7977920846910236
-0.2933879543295503,1.167911144101296,0.9444363966100301,0.0838077686779839,0.806858300131754,1.0989665042454384
-0.5968675170270746,0.8772670850791867,0.9566326896871238,0.05682318085646,0.7777128092727014,0.27308603649424024
0.9794843492176257,1.7508948071999995,1.5374433837888253,1.0405717019357443,1.2439212427530668,1.2730664842112003
0.17968154478554568,0.3419190600920716,0.5168676752273695,-0.6129949708986806,0.674007904608286,0.2840593094067842
-0.31836137951428267,1.1490840426806697,1.1289810514058523,0.10474584204491762,1.0322482603834282,0.12454317041325984
-0.18053177118413094,-0.774772475355609,-0.5478318773388039,0.5926822458784503,-0.10753766449880833,0.5395812533793355
-0.5520581661889059,0.07154170258777726,0.24140184418175772,-1.18225098942992,0.23236788639431596,-0.7791607379658034
0.9273871565052736,0.04960976546054747,0.13230267401109314,-0.6724718440752412,0.4232704121605621,0.18765028318404797
-1.6875997327105434,0.6862304600976362,0.5539550579100311,-0.45852296204175247,0.7075647785695028,-0.9763042033274777
0.6912451836559504,-0.5936081140794598,-0.55833841913146,0.2986800871971279,-0.5080541707223148,0.21585165764326433
-0.28397856037750596,0.009915591058752995,0.03197585569750092,-0.23442261430837408,0.33316717992765393,0.10527927862801748
-0.43221773200482155,1.3650252651480876,1.0828835426719217,0.3442097167033514,1.1303107907190908,0.21935722318198608
-0.2670159020335843,0.6519694469912083,0.49455002460510644,-2.3432090258127922,0.8176365391553815,0.1897418130225141
0.2857565592282332,-0.3949153692984835,-0.6625585739092672,-0.6000216305648144,-0.46899761346063895,-0.5316611079842495
-0.1931313070478636,0.2527342651276225,0.32838342026858475,-1.5739726701015018,0.4877917666047704,0.33931042134506434
0.005961073646342988,-0.11317282980473088,0.31374606612984646,-1.7610619960579526,0.5919049373225382,-0.9733338574994745
0.8534658928081879,1.526613522438042,1.5811989432177973,0.4835977594371405,1.2804830882348228,0.49310352565115545
-0.049416873751531455,0.35162885223444945,0.19963471268685548,0.6395698012499157,0.5900169889874289,-0.0010395433383014387
0.05906285381021559,0.7524326869125665,0.7498921278484066,0.40915357658914064,0.8226941208310166,0.19649452979290807
-0.34356330396687773,-0.7011668536875815,-0.23801193160245282,0.5697711572739493,0.15538630312296364,0.11410433232998964
-2.7203973482087602,1.135244203765706,1.416881508376686,-2.3768438999161443,1.2448318168367962,0.25958224599853064
-3.994575914604454,-0.5567360443524215,0.2779452182739934,-1.3804136438496075,0.5308808784999318,-2.3721224420881164
0.5037911461498656,0.40281484407523066,0.6507315221146263,-0.12430713967422949,0.6754392978648981,-0.0979588962470684
-0.7376992417083431,0.4490901365495534,-0.10927664635846855,0.8604507548624447,-0.013029944832382297,0.7797857149681712
-0.010675182358719197,-0.1628417794035212,-0.8141852283727364,-0.4291905625090947,-0.08027516727794118,-1.2705972145932412
0.3997759722759513,-0.37327898509419377,-0.24731525145479738,1.2405869268822902,-0.7140464707467974,0.23172942359734208
0.4534820615241817,-0.6809303755525686,0.9300685736005317,0.803937141732065,0.5988335620009088,1.8127521168597722
-0.3874372055274686,0.2254864774540597,-0.36302853825345077,1.1243149951006846,0.1765437727609487,-1.1183670947770912
0.5033747005691076,0.24934485327381364,0.37865494149693424,1.0686762919479533,-0.024375867645654362,-0.2667508272961428
-0.022272415574958074,0.36170546610718496,0.45179493807311694,-0.10973432018362188,0.3101511000471039,0.40942264222037894
0.5180401200571265,-0.7504323507580403,-4.42874433323095,0.6773352037464175,-1.9539903099576446,0.006552429491968674
-1.4637702398926011,-0.007174646264120353,0.19848693519595845,1.0195424306793608,-0.1591727183485169,-0.05147931422204656
0.21393360282491133,0.8108584685428253,1.1206871147752666,-0.35942149040415416,0.9877785423525891,0.029488813610701808
0.13965254721109896,-0.7291722760660719,-0.5209502229500728,0.2026766958634935,-0.36575781231185583,-1.1719806518064275
-0.974299238424721,-0.0692255389265607,-0.16458054832453228,-0.36015629791393844,0.14189782125310435,0.35987102539273164
-0.11480805630613353,-0.9547073100083149,-0.28618514718049637,-0.808185922010658,-0.10693603447929977,-0.40242504964332065
-2.164197057720418,0.6258430485555475,0.6929869227457527,-1.0746990217743526,0.8293779990608487,-1.2173390897221654
0.11700606170852804,0.6046038379989104,0.5249291653367658,-0.4645545717932454,0.5381148380584589,0.5931233447498657
0.5316990181382198,-0.5446218482658046,-0.6133431027433375,0.26752042506635937,-0.14490043999973207,-0.14963667588548832
0.19730472282463365,-0.05586339190035784,0.007645408683775538,-0.16523687410978607,0.5680089089734253,-1.3917951186115773
0.37855827249187457,1.6467833009198056,1.858021902333214,-0.2534229274995427,1.43644745512751,0.7462936881662189
0.5871954891007131,1.9473267038511672,1.1944778453147875,-0.2781582123465183,1.175634133200444,-0.04477741619955551
0.9632709836826425,0.21096942482881317,0.3343441193835533,0.9068270576091978,0.24202480484040237,1.8071286848167072
-0.04632190977338732,-1.2293482662016018,-0.10165014834509113,1.1836174283436727,-0.5855615757366731,-2.02519800283485
0.6362241863263792,0.03625349820449773,0.07131724341438092,0.5196589629428139,-0.21521444480794372,0.7975060748443611
0.1737924823449841,-1.1679834350878646,-0.666362982895414,0.5015965569657813,-0.9027181092061479,-0.6596321765506551
0.2399859240946282,-0.17628810746050058,-0.39459041287639796,1.1112940178184991,-0.09685628042618438,0.09753570236577841
0.04645247648569055,1.3103835756260838,1.1929178933693672,0.47926478003568085,1.1536905449791557,1.1181677248693216
0.16904916382433513,-0.10368056873791297,-0.522464246707773,2.0013030803518608,-0.8923710856889653,0.6878676831758752
-0.24460298283689336,0.7860758996790765,0.5425168804410506,-1.2767593881143786,0.6680072812868995,-0.919264491070769
-4.537162827494982,-0.14029491126831675,0.17108946656734159,-0.7935312644422625,-0.4754985804240815,-0.20658011622158198
-3.4761619843866587,-0.21142656760245793,0.33442115860381266,-1.4998124119186318,0.5715328350470351,-0.9974738353455063
-1.8042922365976868,-1.7185733248709807,-1.2835154080888944,-0.4332993551860365,-0.991295737665726,-1.8184033074340884
-1.6733302266851364,-2.2453585677182106,-1.1315865150942397,-0.3406072300215683,-0.9781766629166756,-1.32845865599644
0.07534692270677397,-0.32879240003294957,-0.5706596213963384,0.8348041219636857,-0.4888562359186346,-0.7320619115070115
0.18352423085530933,0.49377583996025004,0.5862936280520121,0.48320506424387294,0.8394326193027316,0.7653523832424309
-1.0595370896651881,0.7067278253139548,0.7690995985299862,0.027447103168747728,0.7763043014751458,0.4308880644396892
-0.6304225090254397,0.3734336213530631,0.29949148726023417,0.33063889245185357,0.6324459388282265,0.24194832838998545
1.1169150726371486,-0.022323279682156742,0.39235624207714737,1.5772857196313932,0.2182581298719341,0.6362984090980405
0.29939239910030435,-0.34378971450067064,-0.20157894600688767,-0.08488584506570791,0.22097610089747338,-0.37883331384441227
0.358759380485084,-0.8244678029176354,-0.11288875606038098,-0.3299996527895236,-0.6481285844781299,0.23807377305095903
-1.045535534201575,0.36109301837067603,0.507358579751616,-1.5546101259305847,0.7797617299855587,0.4283336166661057
0.020059877539256435,0.6968339014641354,0.7136155328878729,0.30779086576775017,0.8798182628111966,0.2666009468232091
-1.0149991404921779,0.5432502386583317,0.24005959548957495,-1.1613010778354482,0.4114444225495974,0.16528564663076073
-1.065400066722515,0.9893449064214608,1.1303851097094262,-0.5225129295566414,0.008661673968006808,-3.675516190033927
0.19485479857846288,-0.5103675521905042,-0.6453503270639046,0.25529201238004584,-0.576816042458297,0.35743681840163516
0.23180523168560105,0.7246771248354932,0.8172542707221392,-0.4082406509146234,0.7591375977538749,0.303281123029044
0.47743228022512846,-0.17441675050943709,-0.4098489250551033,1.1229454017373606,-0.19252020672174727,0.6903448009641027
0.3134188906169549,-0.29612646842348206,-0.63112266575793,0.47688889235454146,-0.12228058185663268,0.321537995768097
0.44543160350191424,-0.7836920717409236,-0.541549123263292,0.32914084942246563,-0.7078209819668135,0.18133622021587356
0.15955336549348365,-0.9834080522313523,-0.29056399523404763,0.3679336462705133,-0.39749559759353653,-0.30716443487386486
0.16162374977726932,-0.23535972330235988,-0.21813088574044612,-0.00376575122436594,-0.35497186466446506,-0.9822847063303983
-0.1160772341413966,0.043633527865304486,0.07715599855941457,0.048733102163338954,-0.3444936409155649,0.1228146226500203
0.507821448714477,-0.4213923487045685,-0.43754738505751783,0.8003604479764281,-0.2516773186484251,-0.022910015404267226
-0.017376752737291817,-0.2824584312999423,-0.49721139974556855,0.5986118945589263,-0.4110006131882761,-0.2803039037330873
0.4156880472658683,-0.7155568153602916,-0.2075972504967868,0.293679284683786,-0.5661690638041597,0.1088232651313594
-0.44359447502492216,-0.07420828204520123,-0.7222075797805695,0.28783955507831716,-0.41376224307653525,-0.8898468661341686
0.21427310002223895,-1.869381083666223,-1.8525217408041084,0.16985652837405868,-1.2664866455594401,-0.07742060201259811
0.1614647461928762,0.7042684867805281,0.38586247562602083,0.23185869051254515,0.32435608166431495,-1.2752326094705497
0.855242509728128,-0.5127269295341549,-0.2962393689235733,0.7301681862819505,-0.17984074309015316,0.3467851510896072
1.2987230769352978,-0.028073398936083255,0.25080584380394927,1.522172686644832,-0.017714894125646544,-0.03375448142269258
0.48278643180045006,-0.43907896314285944,-0.6587771663271972,1.073606397705936,-0.3115795390761416,-0.46323867731165774
0.5482308352853926,0.4475729573250321,0.5062475126304951,-0.35139389690413886,0.3935753316244722,0.700406278791614
-2.4276280405987154,0.5770355731868707,-0.13648106110740452,-1.5130775609167775,0.09645485241604515,-3.675516190033927
0.9500820506655897,-0.8831675820190776,-0.7172206331560925,0.07568272779063986,-0.25256989513820455,0.42393177024432416
-0.10276038986288441,-0.25967877349564655,-1.1984655699234077,0.9072317544140717,-0.266225558799035,-0.03887595171068307
-0.8276912451761571,-1.1756175352829776,-1.697886546214205,-0.9466920434819623,-0.8975081630614846,-0.7594911125674136
0.33218830895937024,-0.3748689027066476,-0.40732187956118565,-0.6217925633837911,0.05748761562554911,-0.721804254889039
0.06145261088991401,-0.8068543314512373,-0.8428666873682902,-0.7993528542345092,-0.42502121028345585,-0.5959609823246654
-0.08329027540929353,-0.42447860420026173,-0.48939868722080504,-0.4794442874721812,-1.0412964107312774,-0.39239022695297704
-0.1776112607370617,-0.6692860504793263,-0.3796953042903508,-0.1695869508925564,-0.5171236449696133,-0.7258884863637369
-0.3605967653940559,0.5571276031390061,0.24443365207203155,0.7012332990532109,0.40284366113641235,0.31334051770630045
-0.5999277607648285,0.5183451847097611,0.34692890833147916,-0.5339907542645763,-0.04562414123231297,-2.1854368921806935
0.2752649080611283,0.10363842456597708,0.03558862231237954,-1.457484681824797,-0.43516412429564333,0.8168199243057319
-0.27030383855034895,0.2050182063708142,-0.2203712806455036,-0.3925801840797758,-0.09105371038044037,-0.02578474894368848
0.4314525635289532,0.10712522725882426,0.2684300108732507,0.2561332436527699,0.05940360872771165,0.6672021709596097
0.7538949743710713,0.8385476814815441,0.05455215826510755,-0.9944657889767287,-1.0118971208314218,0.2721634304440682
0.871220538617789,0.43939055798359977,0.3447352984928588,0.4306226220318857,-1.3449313542938424,-3.675516190033927
0.11945805628997119,-0.5311070140579475,-0.9174827630091003,1.091288968195843,-0.26253412024159495,-0.7424791026035622
0.47058430264625417,0.008860570230913379,-0.5453111972160288,-1.6304597621586694,-0.16829417198757396,-1.0485318307607532
0.5638570560055881,0.5422475194266909,1.2445714482266623,-2.280826337238174,1.0043959326534022,1.0199228790385133
-0.0535180079650596,-0.4061780253077936,-0.4885366017515996,-0.3188757146158334,-0.882307578237413,-0.4138968942416242
0.046774247859863234,-0.0469782221767691,-0.35231305313393063,-0.10923768971995858,0.10330118380999934,-0.40622720868829587
-0.21404522658717395,-1.1811261228692953,-1.357309940386362,0.6236895159145116,-0.3883291136054479,-0.5347336449615121
0.7811877417161955,-0.6007899368283214,-0.6614217491632863,-0.4122164886312821,-0.7235871381886573,0.2675312412595943
0.3825128278331578,-0.4443742351200166,-0.6196856767372595,-0.37128104314655525,-0.574661813146345,0.06688937433034017
-1.1168095922099082,-0.05566893339369115,-0.534710216159919,-0.6736716849148684,-0.42645316158953483,0.4071623074999138
0.4709930220863642,-0.6293974570498334,-0.26053696953275407,0.431900878662323,-0.3084447116985725,-1.1074162478092384
-0.5318888418275524,0.6058644521630683,-0.4359613075155025,-0.4291905625090947,-0.3645436127109373,0.34925830548036024
-1.5478108036899605,-2.6997550562077746,-2.214076433355849,-1.9169429832553389,-1.6994007852296265,-3.1323454920703884
-0.8601145215907615,0.6995032487587594,0.8811867701114731,-1.1984269182203853,0.9735596969955118,0.5367884270127027
-0.4722576379009102,0.24434954179380358,0.7123117816054734,-1.0024523312109106,0.7723753911517677,0.7983483407667552
0.43647114697773437,-0.631760567139444,-0.40858412602167304,0.5074852167089969,-0.0024760819208622955,-0.5598349198696903
-0.6449333524776816,0.3844607194552684,0.44045456847208836,-0.31612473056239326,0.5836528067120609,0.37151323919928225
-1.8791905636484885,0.4875059639913602,0.7049856798155271,-0.8574760933044543,0.8413472806920996,-0.7747395213424116
-0.9443949060269438,0.004268836512778565,0.6202694825236114,-0.39335415759578396,0.6202819286982743,0.5380311210361794
0.22494026592568236,-1.2317366642422447,-1.7626814312817656,-0.21362856416721732,-1.9539903099576446,0.5612145387372406
0.3429758356404003,-0.37742092231468904,-0.13861092768839575,0.3560619732584039,-0.46102994647348156,-0.30716443487386486
-0.25468563619527423,0.9493286590300785,1.08297665263657,0.2803291320478414,1.0360945985912162,-0.5165063464497425
-0.2884945467672563,0.47896540391700104,0.3693268149207341,0.3253803026077062,0.5520689413156791,-0.9358722481322171
0.35982208835067825,0.8086117618122987,0.8938487629712699,0.6799388910870762,0.7944133170824853,0.6036181771918755
-0.33590174833843695,0.3991661628341069,0.41062470838952964,-0.27428989542787985,0.6632385779462079,0.8878418612414204
-0.6316351152757771,-0.08205877487854307,-0.2345585570743594,-0.8463642469777954,0.2647838777090382,-0.22184714493347427
-0.22565154993868733,-1.0325045176508827,-1.1118298848217874,-0.058211771169181685,-0.8536726903716015,-0.5424772212237512
-0.26734387537086296,-1.0485309105665555,-0.49488633049215275,0.28890530187978,-0.9027181092061479,-0.16897642028206383
-2.063001851173619,0.5643294035533275,0.6492431468242665,-0.19975113044449974,0.7895766540357768,-0.7320619115070115
-2.2176821359503838,1.27129562555814,0.8925246067062599,-0.5437156765558105,0.8717036599131905,1.2504159725025572
-1.2942429235445412,0.2669444772451401,0.1988697617780015,-0.9710882399995618,0.4575282877298102,-0.20846957272562922
-1.66054520739144,0.4852338575648697,0.8921773401098649,-0.3113388275901142,0.913706780689885,-0.20000867850048862
-2.0067696612256682,-0.7112596700525543,0.06078745363151859,0.31906311589273273,-0.6131216277182059,0.26846024541202035
-0.7631642600123204,0.49924353392130877,0.5722322876468958,-2.1472344388033173,0.6008519128044487,0.37745659573185597
0.994915394243741,0.4215935898557106,0.1988697617780015,1.005648696673448,0.23093313830123688,-0.9586765573951724
0.24021800555764963,0.45530014298816573,-0.029963407316882837,0.08819644117799745,-1.3449313542938424,0.6710304070608404
0.1524917069950508,0.4323852685233517,0.0244342501475823,-0.17948428397700514,-0.701699256177784,-0.5976502944093347
-0.5866544195146188,0.19308145763787854,-0.4020480875887108,0.6874015956705801,-0.40149522018051653,0.5405096137310338
0.22121420039386447,0.32960013276615074,0.3910206512050357,-0.851102822908621,0.19311219925799444,0.7112781260872741
1.527292312723319,1.3592617953141604,0.8375327313218811,1.5301196370649175,0.6613878482177488,1.4602725807046386
-1.4830494861635817,0.5536481351138083,0.4963959563659194,-0.7891996203297398,0.7838787711917643,-1.2173390897221654
0.8681910279220505,1.6145104284427396,0.9035985575847943,2.02854448274592,-0.4501578406012709,2.615018512561966
-1.927698266549526,-0.8887776291404861,-0.006011666063873721,-1.9254055580902083,-0.32766802532726114,-2.939652620402198
-0.023720053125960337,0.37233054470830973,-0.893435057873573,0.22806343339833465,-0.9655100613320696,-0.911112521646953
-0.615077211455692,-1.2548771297882881,-1.073363770102347,0.5246483466791292,0.055175152301025314,-0.1898106534771716
-0.7396383538638254,0.5120673562742006,0.4533892364354709,0.9024603001591995,0.529926727175905,-3.675516190033927
-0.0332169578765519,0.48202250548645076,0.5623048353276826,0.37796977867447973,0.7802453311677163,-0.5825977084354755
-1.3743771169121777,0.7510923824448666,0.553412515449842,-1.0929549797247926,0.5857560829761701,0.4374122577725087
0.40790783625641164,0.3521467806725636,-0.547516236197163,1.0025197362454283,-0.7078209819668135,-1.8080184190014064
0.2790581366962387,-1.6220702321195715,-0.7730351320422107,-0.34418258943196095,-1.0732552583396961,-1.6283320120538545
-0.2570452532637529,-0.5882735635429485,-0.46763949981488434,-0.6547394831890486,-0.5398501741494859,-0.5743790545687223
-2.279744732828937,-0.02584148246736085,0.9073700219035125,-0.2965266454419247,0.7080226301671241,-0.24842656300669547
-0.106249044294026,-0.8257444406778114,-0.29350035231244104,-0.4074484436719825,-0.30533641350257007,0.11234859898781353
0.41094176760354334,0.2254864774540597,0.059473622918705296,1.0492146357102148,-0.3320800308678236,0.3999538403948555
0.758651271792209,0.44452788811716404,0.01833479920107697,1.6010427900890196,-0.024856305967638517,0.7306463918369339
-0.7423150439766354,0.43439452835059544,0.4887987849178266,-0.19348999735201605,0.6110360274591435,0.2804214898115502
0.1882041227311965,-0.33714804570130974,0.22583510512543184,0.5350552515397299,-0.11791909665761892,-0.21799764073714809
0.07608213957761344,-0.3003689249573452,-0.5074864498046947,-0.6870208232204049,-0.2597896862167623,-0.6841978480330481
-0.6037754406137896,0.83796135535895,0.9891579437898396,0.6059473948765959,0.9182708936197002,-0.1861404421762218
-0.37892639787339644,0.8922726179894084,1.0305144461342914,0.5390270448630538,1.0494675435528302,0.3711151340544133
0.6432910485322793,0.7460413759646223,0.43207593010553214,0.7662277624574249,-0.387038092786669,1.312197319089144
-1.586091035681969,-1.078040528682628,-0.4774362997191301,-0.7528401576227185,0.05710321470633143,-2.6318524039422506
-0.8700165222193345,-0.9080787706357321,0.0589951811980048,-0.0628116114789445,-1.8050649849153322,0.2133364016401669
-1.2068679870320809,0.7585404842130903,1.0017140733136332,-0.29919435311438974,0.8917429044770083,-0.20563738293925152
-0.17079029747501656,-0.994093141552968,-1.0068087680135953,-0.35284597720947647,-0.38191891521896265,-0.8156220863617676
-0.7151449799337498,0.17277533080771798,0.15456947610712554,0.4200866814804966,0.6877316072898895,-1.3917951186115773
-1.0126845218631222,0.021236095893772122,0.128245501959339,0.12605080508466535,0.5215519084960866,-0.12080487797120769
-0.2526553245318103,0.8124875526422733,0.7880332064681074,-0.36310400814523514,0.9993738696331337,-0.12831686571475093
0.4623501064427349,-0.42002538909495696,-0.7676278109643678,0.10581040501156205,-0.4425844785846579,0.5201012984094353
0.20974667403583522,1.3301971616048973,1.3270104638965927,0.7233261958526074,1.1633532298255973,0.729248036659896
-0.09111534902133826,-0.8257444406778114,-0.522464246707773,-0.10676031143445694,-0.4486306240774911,0.40753956005087444
-0.5573881377750317,0.38760512586814433,0.2292166268613811,-0.08823973759316375,0.5796879917785511,0.15381691995750799
-0.7583837109712678,0.38258647482370733,0.5447772874379373,-0.32789910823667406,0.7295391934008559,-0.13337207375937485
-0.6564237717427217,0.7040280502493186,0.7404249204631308,-0.06697997387849107,0.7214993270003371,0.6061463022224057
-0.7172452393208509,0.984295785858024,1.2743048888093556,-1.366055397819506,1.0247362938411502,-0.24044063369574856
0.44543160350191424,-0.5821049859589746,-0.5273338997954399,0.32336559046342717,-0.6725335402411499,0.12165977428372575
-3.614498384067019,0.4704831515658631,0.7268760095205835,-0.10973432018362188,0.650006707490668,1.2633626762887746
-0.4240400410008797,-1.4811475892836774,-0.7689752647901477,0.2636548943336372,-0.8228634369560767,-1.3386075151015402
0.3262786803355164,-0.9022996685417694,-0.7725827320883908,0.09291706269326545,-0.9781766629166756,-0.16986890793779147
-0.2693155392745103,0.47039690263048634,0.5039606987158268,-1.7948749153232015,0.598305206534894,-0.9330755347308232
-0.30960606865814305,-0.7630677235794424,-0.31881322502668286,1.0166514073786195,-0.42502121028345585,-0.6323633408849706
-0.6598087375607223,-0.23382169057570223,0.06364444942796527,0.8317381413885854,-0.013029944832382297,0.2292731983053967
-0.09249746667637705,-1.1030490383998062,-0.7217904787921956,-0.4251080242776924,-0.8975081630614846,-0.25549321966960825
0.23654044082831976,-0.07241007245791482,-0.08410822675576568,-0.5349566124369248,-0.025819072036027076,-0.1376140884857646
0.5290835096482057,0.31715149409323795,0.41348248122191417,0.09074264746009256,0.4205639404027753,0.318098646046806
-0.4403634579321823,-0.3223020936173715,-0.6956585146201366,0.2580918199250017,-0.41515088384134724,-0.2257189007227013
-0.896944369637576,-1.1889177663018078,-1.3236758743543344,-0.3025447281715712,0.6473175779034409,-1.041932645493662
0.010492900703938015,-0.18004713151176654,-0.4017980604381152,0.9586133853890717,-0.05962296501222813,0.009975083267992216
0.15624701122536463,0.32454132405504543,0.1038908285281195,1.0833539287564646,0.05748761562554911,0.5317944662347824
-0.7629116876709698,0.6987763360370695,-0.13566380905216308,-0.03746888183751294,0.23899025590964096,-0.45362070035245583
0.6608601558275693,-0.4605250487151811,-0.13403250163573804,-0.5565834945655297,-0.387038092786669,-0.0979588962470684
-1.2886943117783118,0.20566773490959123,-0.2254417058151352,-0.3113388275901142,-0.2534646459942965,-3.211237969383967
0.35936687563487,-0.1902590368927239,-0.13484762348822604,0.655664995600096,-0.33767062654456564,0.6534977631691911
-0.9068431340881772,0.36546947513983796,-0.3258580630018808,-0.14391996579449254,0.1461475633962455,-0.7926022302308146
0.009054714285805376,-0.9617640682321349,-0.27833861622614053,0.2653144149012654,-0.248128546647367,-0.9733338574994745
0.46632314840838657,0.036590785932075126,-1.3011639308129193,0.7094184046998689,-1.2263782867264073,0.15381691995750799
-0.08529717709751024,-1.314586243557107,-1.3096446425651804,-0.20204320486443766,-0.8873048668186021,-1.0005534356510215
1.0184813919455014,-0.22366049076671848,-0.14371930285909001,0.788291425351895,0.005134203447858867,0.5671843811657366
0.5653865166371466,-0.00934300720188658,0.24541139290893257,1.2857151035231138,-0.31793062028162244,0.6537589493243916
0.6368183028057541,-0.4529378237817236,-0.40833147285366983,0.23823051635351594,-0.25078690598256126,0.054227146848339146
0.45137410837148184,-1.1030490383998062,-0.3062432632321412,0.5745557802388174,-0.12165433269419672,-0.34319661807802787
0.1635812915444978,-0.009162032746751843,0.0460591075620217,-0.6386218522278436,0.2652206138422876,0.6089441838449916
-0.18689348420156932,0.4934429753941201,0.5139260376423185,-0.16253303994615625,0.4947498837132354,0.47731880989357656
-0.6047412797535667,0.34212941275384284,0.6714749193762232,-1.2066710978867181,0.8783412029997442,0.7088773640672079
0.025953356902120705,-0.25967877349564655,-0.6154501555241018,0.09724381777955844,-0.2351179167738757,-0.30716443487386486
0.2766629452348017,-1.5191791088910147,-1.421545384387421,0.19686138092537242,-1.0650010897430136,-0.25549321966960825
0.36194179959765393,0.24288017649857704,-0.4260084883877364,-0.6408996266878589,-0.13698713474504803,-0.35017388831997015
-0.0332169578765519,0.029300081266912893,-0.5200435647933978,0.9096545668329299,0.04298982249412833,-0.8017154577016906
-0.5803131624614858,-0.38740614605836277,-0.6077587539582471,0.08012737221461776,-0.457890653475516,-0.20563738293925152
-0.19342079903374113,1.1991202190794865,1.2225076175588956,0.9493065790462926,1.147578940371078,1.116991813716093
-0.14800875871859562,-0.4320853226048151,-0.0020414269032502878,1.032392552171814,-0.5062668433764435,0.3758768499841928
0.7370307322709843,0.5087428941560718,0.7954121649715156,-0.8052279766378925,-0.29717396548191366,0.24435859326687157
0.11797666881687661,1.0357318157316993,-0.0009869391358480167,0.716546473288263,0.23450955453102051,0.8155905353649632
0.7774907234207943,-1.295823911477247,-0.7234605543075768,0.48123795967481603,-0.7300881051520999,-0.3017054650770222
0.15731559555454047,0.20877643074533636,0.061741236368985326,-0.774969298028033,-0.2690186904708193,-0.6359356794142156
-0.002019116527519877,-0.40785095240756397,-0.5792319831249576,0.758487856739396,0.5438829101915579,0.014737605318653911
1.1169256311052422,0.14855784386805768,-0.5039445267443999,0.9178638673095454,-0.04107397236831816,0.8269780183953306
1.0857312194780022,0.20241355442702103,0.2710782057980283,0.43423772770222013,0.06206931800627074,-0.11091817616359274
0.04613053016920901,0.19268416547119044,-0.49430641120268043,-0.9826700990020684,-0.016773111443535965,-0.37883331384441227
-0.04677382216773404,-0.7659741278099702,-0.9186240825026126,0.9560885805517673,-1.0263026944256497,-0.8109543888205898
0.5957092223074775,-0.6289258685884803,-0.6516548746364189,-0.28139979748030153,-0.23597109960765247,-0.259565036990299
-0.8132205514189478,-0.7630677235794424,0.21287209376484245,0.6651901111704672,0.4644440891226343,-0.5711196228982844
-1.2253234668047217,0.6352046876084954,0.7366704350543875,-2.0470254218234434,0.7309543532100083,0.1808073517426616
-0.2155462561496409,1.210050937175139,0.6616459079360724,1.210601563845824,0.006019252176794085,0.8876577205154436
-1.597351036661359,0.6407971345890356,0.9630658572728668,0.23966983901523542,0.6564566364432187,0.6534977631691911
0.5322377412025531,-0.7038076371736443,-0.383325279128059,0.611434448560115,-0.037573516583642205,0.8861827694398964
0.19934689919013304,0.5161789739944795,0.8935022310160101,-0.22721672898688067,0.7543864228440282,-0.21703871160196148
0.3445732567267816,-1.7084991116225872,-0.8939839327739918,0.319317006243514,-0.3287660681324651,-1.038657275218682
-0.3485593753273998,-0.813089978279213,-0.990579447764466,0.8188605259246294,-0.5208150835270533,-1.8959888343105218
-0.8327838734187243,0.20864719941125873,-0.6956585146201366,-0.1974672493375558,-0.627718053509395,0.3168043231580137
-1.66054520739144,0.5375215946417545,0.22994536904564536,-0.6760781474936176,-0.7944396988775042,0.049738204048295064
0.8677087246521129,-0.11317282980473088,-0.724297267353952,0.7321666710497339,-0.49745838658283115,0.4257693897413009
-1.3332862423878469,-0.4891315093972971,-0.5933327425620212,-0.45852296204175247,-0.026784368372944626,0.11876391207078131
-1.4950995848778807,-0.5254576191630511,-1.9111166624858804,-0.3645829788503934,-0.7829006856749159,-0.6252753182708757
0.7035107273141545,0.021408720280599272,0.23853488985872554,0.687686889294134,-0.11116828758383747,0.6376372300245398
0.03756721577657637,-0.9547073100083149,-1.2129273219355974,1.5367240575620957,-0.10038233993644673,-1.294101797716661
0.1885586919148137,-0.28995407099242737,-0.39138616633476686,0.8577243059895128,-0.40015716753571934,0.25296443181829453
0.42254932378989274,0.3469487513335023,0.4453767913585432,-0.10577204355089961,0.546631908806205,0.3868576186373617
-0.5487071636315767,-0.14832160209292672,-0.4195459085820777,-0.28465791295139875,-0.5811627801097875,0.0897015559071301
0.21553238824247972,0.435396824106639,0.1693867624248255,-0.2130442796643733,0.38454047718882445,0.5133726842483926
1.0377395915574026,0.057656425380096805,-0.0699792044826705,0.8712416727306193,0.08912615707885771,0.25058499099798004
0.6563958718681244,-0.0025013036903844435,-0.537498918416843,1.2198450709932596,-0.3502779343935053,0.24098178870347645
1.239241368264865,0.12663445121681127,0.6097931364866022,1.1112205243969724,-0.03067112469344925,0.6111741047943848
0.9205570727626693,-1.1219556056077453,-0.17406105504619174,-0.24354578301698432,-0.23004002421670652,-2.6318524039422506
-0.10276038986288441,-0.30980138132857654,-0.839334527627779,0.03778447337731235,0.14915326793399694,-1.3489125166134375
0.3498413751366464,-0.35295778753657026,-0.32497310649217753,1.086799461424545,-0.27466949492501613,0.04132093085744253
0.38378875128590995,-1.1701554342219471,-0.8127368844397793,-0.375032757152269,-0.22255243671410688,-0.882043144234883
0.9566786375835283,-1.6420556833218651,-1.4449534643244677,-0.06050755179000612,-1.178919458025402,-2.503881335375845
-0.6774670566682548,-0.3353484473189174,-0.36750863856639504,-0.7094849947041251,0.06130965890447553,0.3046018172851001
-0.20433103605000155,-0.05063341024021461,-0.2358992712188082,0.3170283528374948,-0.493993313291154,-0.22863747565204456
-0.6497113417198633,-0.10451871082275312,-0.05875692881209406,0.5890312927476735,0.0038026187454567512,0.062484771135026665
-0.44713944452651494,0.7240362492729577,0.6028104477508786,-0.3356351032992945,0.7292308271290385,-0.17705194606896527
0.542910541082625,-0.38094646036039637,0.2002078125212914,-0.33070137176103126,-0.0024760819208622955,0.4366904776525305
-0.06747531899427021,-0.41934299036588113,0.05995169892813695,-0.8277537547549122,0.36511091220263603,-0.8924684424221259
0.47870556718002666,-0.6618032488203335,-0.16663680083601937,0.44119742581756805,-0.051263115204979975,-0.04849241122768268
-0.029546255288502115,-0.0812491998704659,0.24050733185982043,-0.03040897509474062,0.5558473210625177,-0.39990221469652026
-0.13606169889934894,0.14813225143546993,0.46261963389645705,-0.3133855406890132,0.6296246089090832,0.04780512366898444
-1.7470548053926307,-0.916845339880552,-0.5230708839123507,-1.1189403194876153,-0.37938583590458524,-0.8794619777014868
0.39059563143055465,0.351421564759636,0.18179970674414075,-0.39335415759578396,0.4337632713603348,0.48910861190121896
-0.2818454722692077,0.8416658153714571,0.9106591647774646,0.10864059816359581,0.8708235093304922,-1.152336666612704
-0.6397832430851795,0.24569353594925206,0.4512199943443622,-0.9143804645969271,0.7463482466350977,-0.3703468958779414
-0.701785782842909,0.010793463341128988,0.6675527864327756,-0.7223150454913816,0.922305128378158,-1.8616319760307427
-2.3454152282350402,0.4666772838689674,1.0321575887271157,-0.5779334782202452,0.9800372879815533,0.6122862875098968
-2.102884839457344,0.823077861220388,0.38855286131598377,-0.41301463371862945,0.5748354460120028,-1.0161674733648165
-0.1620297537778478,0.8194663848878908,0.9455682101776739,0.11949069010222975,0.8169569023467362,0.3137744742401224
0.4214226756426199,-0.27423050099448976,-0.32188558233619224,-0.18114884868579448,-0.30948668415564123,-0.028671873614238366
-0.1163313964653435,-0.8206529286055224,-0.2866008619906752,-0.8292840909580008,-0.42359481996732845,-0.25854475973815255
-1.3176163751302001,1.1257877898426003,0.6555905236859505,-0.026035822776302196,0.7806210257008762,-0.12080487797120769
-0.11236199919731694,-0.5746927545417407,-0.42626838571492814,1.34684915163547,-0.36819831992730095,0.09753570236577841
0.7392126723405759,-0.28494734537351507,0.3467778716466385,0.44140714683022825,-0.2891889761166178,-1.4086113630073176
-0.8176355269149511,0.01933418281691061,0.8718617768685493,-0.11522288626932634,1.1172451639171657,-1.2799003070117274
0.08302154530586364,-0.883866184498742,-0.42626838571492814,0.683106833413578,-0.5477492967593265,-0.7880916954315118
0.1314007212813745,-0.4550965421848969,0.2970429277885677,-0.018238796474851778,0.017763255828838906,0.1636592308906755
-1.035447456397241,0.9179608917310362,0.5748602028949042,-0.5330263539919103,0.5731406696633102,0.8636596537575729
-0.1045852167163334,-0.627513161295232,-0.4816823642884289,0.35940833737311295,-0.8357523048378058,0.06185317100663915
-1.1680835576024429,-0.10409950411472178,0.15713172020222008,-0.2840049593336766,0.002019629589813798,0.35336004448636704
0.19395227467676185,-0.18786975719705556,-0.18139873758024339,0.2102486624129767,-0.05333530713175929,-1.957482622072942
0.08150669197186586,1.2511907870344232,0.8199538240428238,-0.19292383421409803,0.9990188522444428,0.34843493489539534
-0.9278181958019905,0.01219558711624472,-0.4596368120519674,-0.6944214664969494,-0.3988239717170145,-0.0979588962470684
0.04367800109150627,-0.41934299036588113,0.05189532013291614,0.3676983617680076,-0.4673901927559994,0.09513494034571211
0.3698238154136015,-1.0521468704435673,-0.22563029104463184,0.5661590285935775,0.21576967154030924,-0.9615824703544298
0.2674718230101046,-0.8707199842664045,0.5572544141531053,-0.3265025720318406,0.2645653147482374,-0.3490059509943668
0.6612021722664789,-0.007174646264120353,-0.41111628700625974,0.28086852849974603,-0.645514373835192,0.08238779567236926
0.7977979345799595,0.9914692724879057,0.6583043453090361,2.354691285216817,0.16267125126940754,1.1779485345889684
-0.38824140100460497,-0.5254576191630511,-0.7508066764127673,0.5297816947126074,-0.27372163621887924,-0.0979588962470684
-1.6291950443552843,-0.9022996685417694,-0.6565192472363487,-0.8323558038906413,-0.8145154629586068,-0.41133056203504875
0.4078029401777253,-0.3208360564457089,-0.21182633816793178,1.0460482670320075,-0.49745838658283115,0.30985870668728
-0.3012098624427408,-0.5772991545788105,-0.023103907666418316,0.7739996326017259,-0.18575306462904806,-0.17885980650931874
0.08338453418849308,-0.45834817961871255,0.044836344887341666,0.5427954074923359,-0.5497509095865026,0.0516657215986805
0.16426754310239505,0.9135829899852026,1.0822546875892478,-0.13558843701881126,0.9050170254212658,0.08848812824461051
0.5713855803144735,-0.07781975837769842,-0.7438572392616164,0.2359208344551849,-0.5578682575279292,0.6636093016509901
0.004235374909927123,0.20514816423383042,1.6571943734955172,-1.5642180522391933,1.4110765126831153,0.15381691995750799
0.40394386241702457,-0.8817726350684244,-0.34405323216351763,1.2933322466194368,-0.32986740342477044,0.8594469864970241
0.6858691338729002,0.4083445282908289,0.512363080788423,-0.07117570988647098,0.5933368886286171,0.5324207513542992
0.29390787286799286,-0.5665077219687705,-0.7965525271494225,-0.5446963598785618,-0.6302081989443342,-0.14445769219854193
0.05622034869450405,-0.6408199029198997,-0.37488787932330436,1.0716545569402858,-0.22503137780986654,-0.07122576584157463
-4.537162827494982,-1.5438937610649228,0.2436325438460918,1.484909807731364,-1.444811260501608,-0.3763976315731005
-0.6977003679349061,-0.7220565031294597,0.07155184315789882,1.173630560348582,-0.1298800607747948,0.46773523668499295
-1.837449570500342,0.06737515353816588,0.4438265861021275,-0.8736930821546582,0.8027398112434483,0.23466505380350539
-0.7690033574612761,0.29964806375562103,0.5378044841504349,-0.43909642076963173,0.6769362811968186,0.5383414346328924
-2.0744558996869595,0.29908635658283944,0.13728461997239896,-0.9411920233541495,0.6342083175607549,0.2133364016401669
-0.9568764046704427,0.4221514081619169,1.0699471007512333,-0.02997031042983778,1.0800003020174338,-2.1675741832922912
-0.6084259030914927,-0.7308255467850587,-0.6203943939903015,0.24339697355665638,-0.4854710041690818,-0.6252753182708757
-1.1601283636299908,-0.21489844254920365,0.3509181479428207,-0.851102822908621,0.5685826581837483,-0.7747395213424116
-0.6638536790704412,0.41982398697532364,0.7405456584530591,0.3627372659425553,0.7671819029674862,0.09633639696654489
0.6923491648245854,0.44227969157211355,0.5948351980867163,0.38967226708785874,0.6362802846879123,0.038055142396030715
-0.5379023722800879,-0.27259739213506373,-0.5328579653227808,-0.08250094099260141,0.136360605154696,-0.24943153226727582
-0.2083757647550753,0.9030597103415815,0.9143884185260492,0.17433118940063624,0.9933515269992106,-0.5180064856804385
-0.5220560825437133,-0.772414530545392,-0.5424875224024008,0.10403514668873128,-0.5682739122280583,0.02013934335688329
-1.1542313272234475,0.659161604674252,0.9662157180513734,0.08417464497823596,1.0057643197226669,0.7888112282466402
-1.5612694704194037,-0.7683086844782288,-0.7077720548387987,-0.3887243180657861,-0.8063530149379503,-1.0687286941423055
-2.5330763502154663,0.353594779340396,0.9348356243170286,-1.2122269160198353,0.8678743476800652,0.09393132477201842
0.2968252150528516,0.4608386587490393,-0.3901581217444993,0.9142727661871973,0.17986272647191073,0.5928374058398568
-2.2479007251350125,-1.0395784146689626,-0.5378095431606932,-1.1664745073916547,-0.5457585328354251,-1.3541250867841286
0.5809899537386163,-2.1302203196617726,-1.9252356121278074,0.46426843224819614,-1.6174412645556562,-0.37883331384441227
-3.2040472294323488,-0.6763489201591162,0.9655982460933273,-1.5358171517187897,0.7752715807280539,-1.4495733225489649
-1.430106852637809,1.0601847785294125,-0.6580236205626862,0.8864672432206286,-0.15435340775759865,0.9680831592857244
-1.4019579869946588,0.3124345897694532,-0.5083750735519342,-0.9578361933230168,-0.46102994647348156,-0.1461795746031538
0.4988043525435378,-0.1510194391404403,-0.5396765383049127,0.3405370773935171,-0.20408344010775936,-0.43611708217469847
-0.34680595149240906,-1.156166000632764,-1.0660910961940357,-0.150240693941466,-0.5990831656435832,-0.5809458903689261
-0.8220836668568646,-0.5290837078321224,-0.41391355615278147,-0.6397597244063067,-0.555822040286977,-0.20375588763883107
-0.36034080868148294,-0.8354003403089191,-0.04320742749723909,-1.3248207647576271,0.18041298132357123,-0.7509310997531223
-0.6981529135016916,-0.9212735564772719,-0.7114523440979649,-0.20723063573679731,-0.16971779797445513,-0.48432578773834645
-0.3520818764027095,0.33938948135867547,0.3272156047014027,0.03778447337731235,0.6277587217311928,0.7819457035750069
0.069370167634777,-0.31849728196038796,-0.6565192472363487,-0.16795219931585417,-0.47714196144212523,-0.5150095594882773
-0.5295004254998257,-0.9059055560549715,-1.3665931224425665,-0.029531946735568807,-0.43078281932543283,-0.6938913874964142
0.5717568545366085,-0.7177161339086996,-0.4260084883877364,0.18725811318072413,-0.7644397628179733,-0.3667425182841814
-0.18603494154487282,-1.5361882517911076,-1.2129273219355974,-0.21538463048388432,-1.090341829565824,-0.7903431660775251
0.9120377637233564,0.05422009880885603,0.025697516399884133,-0.0716436081566195,-0.16335449078511324,0.5618139230157382
0.5094730449309754,-0.42276220135254833,-0.5609122618950391,1.0711852265621793,-0.04817658406015692,-0.13421833020362336
-0.4639691625997301,0.030322332284206478,-0.6652192284001025,-0.35430136521768296,-0.26437520201517223,1.0776748472231104
0.33902224366894235,0.3528711849278923,0.27634119292712983,-0.009260919582001608,0.31303638624950697,0.7836686933007135
-0.17405081929507168,-0.30721523084644,-0.6550184836875081,-0.014375677192094493,-0.35379274633307306,-0.22863747565204456
-0.2223990551413078,-0.5931618850824172,-0.8809420789844699,-0.5989523164083791,-0.1978711136658806,-1.7488789812429975
-0.590605275394446,0.5609635346340448,0.6564657523516165,0.8350306474258476,0.639838989890999,0.26099188219721675
0.8986658858161851,-0.09041583020305592,-0.36609040007006066,-0.2484652687986762,-0.7829006856749159,0.16852667821170025
-0.5740390935652145,-0.062313519094866696,-0.5729560311947397,-1.0769526927506785,-0.9080030211730509,0.09573593804105723
-0.4394853225582269,0.22862697432153609,0.4887987849178266,-1.5690767453066048,-0.0015725266194647415,-1.1257684063990137
0.7110182167959759,-0.8707199842664045,-0.4975026420832583,0.5961478920475104,-0.11299714635720454,-0.851706855386293
0.43637119100416977,0.15251660320931254,-0.6744283701219724,1.196094603890245,-0.43959832356078343,-0.39864435162915307
0.8284294101270857,0.4645048473307337,0.36089210080440687,0.3253803026077062,0.27149561553588586,0.7345926177969041
-0.9123425723429015,-0.6327082322202623,-0.20067211257430084,0.6163966097521206,-0.26437520201517223,-0.657779307079977
0.1350700866788135,1.1624268977778993,0.734845625454405,0.5543204817116271,-0.38962468829897556,1.1168610293973085
0.1856144047493006,-0.8859665275032036,-0.6755891058257775,0.3361018605595407,-0.5302093307777026,0.0675162455848226
-1.1561904881348752,-0.0012488400122189543,-0.31859434736604586,0.1549294437780579,-0.307405686833721,0.0010395433383014387
0.5329458414535283,-0.41289583480301084,-0.6916722493168037,0.15983539360056026,-0.46260971254235234,-0.0031251035697489825
0.08308205890719621,-0.9400576702917366,-0.8755872268489101,0.060259242639102255,-0.5152917456869371,-0.5792981358195594
0.05836927823196099,-0.5584249041092307,-0.7547499372365298,0.4357203756128263,-0.46899761346063895,-0.23059028136915005
-0.5511744832233586,-0.7258783496971578,-0.7974930429791154,0.8190927742221091,-0.35379274633307306,0.023493440934083547
-0.6909533616503939,-0.17652240796426222,-0.45065314682975677,-0.3321071260340354,-0.7867068860032592,0.4268695463858784
-1.655963707977663,0.09182659176536036,-0.17406105504619174,-0.5359239329234909,-0.6956778910819912,-0.2605868707300847
0.6051806848990444,0.40003218484855946,-0.13338116816485934,1.1059066570705525,-0.2756198060496843,-0.11010083391876303
0.2222196805425987,-0.9272253697680858,-0.24692483764131729,-0.055924210331868195,-0.6227878446553193,-0.5075753889840341
0.07190378899624536,-0.6558786753308646,-0.8288561803636324,0.4146435146403168,0.010849262595461442,-0.8040132708866592
-0.37484753912756325,0.7738324068895459,0.42244690074161323,0.3510093330133306,0.5212259551735966,0.555191009955009
0.1805034128499124,-0.5033405878629434,-0.7521183362620181,0.9579597637879922,-0.9299376001574521,-0.17524895201522445
0.17571027178238202,-0.813089978279213,-1.312854792857336,0.8059550822871401,-0.8773773693833377,-0.911112521646953
0.07252010446124668,-1.1889177663018078,-1.0167524259310237,0.030645683362715007,-0.20330112874749764,-0.6323633408849706
-0.38396492404500987,-0.8972849384853379,-0.8413504613920597,0.5438680127683115,-0.6131216277182059,0.03279653335256973
0.6877247047578144,-0.16721591931487925,-0.5027683291078887,1.3792551393448265,-0.7983680255726542,0.45380208974843006
0.6738760855523175,0.17495739822482953,0.042629329784053684,-1.2349462895903198,-1.5824343077957326,-0.6978084272356978
0.6526844401135935,0.7183572523190253,-0.02024520183279865,-1.5838785283620387,-0.09394353681250085,-0.8086326815167735
0.4463824893627812,0.15561015960028607,-0.20176047057901902,0.6651901111704672,0.041387660543503645,-0.20094351729358254
-0.12512447262699944,-0.8043767968106372,-0.8782589221070896,0.19439690319532146,-0.11730023375672265,-0.6270403045003697
0.6400635196728787,0.2090348160320304,0.03459407961204181,1.188259823962876,0.10667708114922407,-0.00382173585981828
-0.08537759481275842,0.8183084591642819,0.8557031486622264,0.3998229404930468,0.8324187319484261,-0.3727606350180193
-0.017448455328082865,0.043633527865304486,0.18640397481091614,0.04834529331420428,0.4430244453647846,-0.6899971213726604
0.01403916305406711,0.0012488400122178047,0.15569815691507408,0.27545396169298386,0.35069868766462803,1.1190808973168613
-0.1471154777446729,-0.354807089179096,-0.025838686439405473,-0.060047735246710275,0.30214701140313893,0.4502730410867512
-0.8206900304279515,-0.06329644279868239,-0.23207625865017298,0.00376575122436594,-0.4563310118760329,1.0100243761458356
-2.6430498436739147,-0.00393566468641877,0.5993400869745551,-1.7480224606287793,0.4739619839236141,-1.828951744124578
-0.316457339785949,0.189230713096486,0.208082283080837,1.5715187850242853,0.04058395115325688,0.6191958999127629
-0.20956483311710805,-0.3883806834588893,-0.20668165538540725,0.839319441529345,0.12084993585058876,-0.8040132708866592
-0.04798061070477168,0.33067139275013835,0.3669911635794239,0.06556776625239513,0.538426149034678,0.4438735157837043
-0.3916040213144732,0.7144645087754615,0.5191651997464395,-0.375032757152269,0.7742359480984724,0.018792987352773405
-0.3067940846861804,0.2693024220553571,0.527536834645706,-0.9143804645969271,0.5326764293831656,0.06437600595343955
-1.5127508424361207,0.5506834285095253,0.8536578460947803,-1.5546101259305847,0.7748903715139818,-0.1461795746031538
0.024351852625551125,0.027250722928226112,-0.47546462487653995,-0.561602491775983,0.24225719652470515,0.30416187514348797
-0.38263483398596354,0.24128459083239537,0.63971785596222,-2.6022667894172034,0.7791159363338506,0.2453202759683587
0.41233147921374613,0.18763057597849464,0.4025942199781209,-0.250319885657772,0.5252259701767298,0.41092530552368506
0.6707665919032981,-0.6265730665263732,-0.08185599922697727,-0.3887243180657861,0.05478832230762071,0.1554673812932653
0.429500584550351,0.010442457294254954,-0.013087944807377792,-0.23321597549961995,0.2907213602216635,-0.2464211366986692
0.4094441810768314,-0.14832160209292672,0.5908091104582919,-0.3557600760324449,0.5028378648539807,-0.9057324775695206
0.16532176421993458,-0.2650302313021056,-0.37921289554380705,1.4744643222596672,-0.7400605288971002,0.44814665235957174
0.25736988561068297,0.61261581699948,0.6891977998390608,0.461023142429768,0.6709836977796853,0.4509803398710858
0.7661063969661439,0.9877179550799405,0.08282557813480494,1.4632947813707506,-0.22752716348167126,0.12454317041325984
-0.6076482853233832,0.322484998011952,0.019992616017464087,0.23302194082810956,0.014754385504868347,-0.744582124383047
0.007131682710680114,-0.4715205872282852,-0.17754445535595018,-2.210545108745622,-0.8314055671863153,0.6371020227355565
-0.5980132558791658,0.09952110861278689,0.7773493314927911,-0.6229008291592176,-0.4471097314497656,0.5136946318087959
0.002019116527518825,0.2701256775387462,0.0510475902399031,1.3918372284491567,0.1917819006476993,0.29396262254121214
0.5385523259071965,-0.7363671485689762,-0.00019723838840061646,-1.1069976342150942,0.1784834719604641,-0.5976502944093347
-0.8622011539624672,-0.07741748668384653,-0.724297267353952,0.006256651296853621,-0.3043061321964833,0.2717016504281741
0.4006968440434665,0.050600462288514204,0.32479518720272704,-0.508449667894497,0.3912599527984174,-0.0947578775549548
0.7405698214847413,0.7770627669532443,0.7598037686214556,1.374989226287607,-0.5497509095865026,0.5524626481926886
0.9052688224295876,-0.6016932937573368,-1.1429290548684474,0.6920927274268583,-0.7944396988775042,0.5942658812938865
0.31722067051954644,0.9394587393069627,1.1569353889012157,-0.7978924763202223,1.064778983801593,0.4413682052456926
0.11287752548612158,-0.3913131305645751,-0.47293871335272114,-0.24600079106862524,-0.5789829811612358,0.5280244081399524
-0.660445578466684,-0.4910335240912232,-0.39955230251758533,-2.007080224233191,-0.1971019091024689,-1.9447239146647357
